label,contrast_0,contrast_45,contrast_90,contrast_135,homogeneity_0,homogeneity_45,homogeneity_90,homogeneity_135,energy_0,energy_45,energy_90,energy_135,correlation_0,correlation_45,correlation_90,correlation_135
cataract,5647.430821078479,5753.671049596006,5651.233609068617,5737.295870818608,0.03876188957183313,0.034914943251424524,0.03969875953819536,0.03449217338441976,0.009302847447273882,0.008963130954050453,0.00924112627253008,0.008937625227047264,16.26881970055569,15.720533725715503,16.194603226931086,15.810678151065986
cataract,5656.720036764689,5718.2521184157085,5647.954488357809,5828.163244905558,0.04012935806284118,0.03536837638986996,0.04028802511599791,0.035583333613665405,0.009444620217210445,0.009112843597308545,0.009428960512183587,0.009082063418683317,17.243682753822856,16.962286931427307,17.259965327829065,16.350353459816304
cataract,5528.260968137255,5665.312556708693,5441.1798866421395,5627.239523259978,0.041259554208304294,0.03646657766911014,0.04194458247613231,0.03679234690540227,0.010293502148089214,0.009943581618168612,0.010287185457669646,0.009969099516155912,20.60318426550338,19.85738994541593,21.057852985748408,20.076629634940073
cataract,5524.710845588194,5663.947589388437,5445.092968750018,5673.75398692785,0.04214806407783401,0.03712050978267664,0.04166474825120355,0.03736072930172698,0.010382956194053265,0.010025326377059721,0.01033555638441927,0.010016918665980172,21.046386931769938,20.245786824035758,21.42657097152078,20.188657437404263
cataract,6484.165609681379,6736.247043444595,6373.8610906862705,6688.71141868491,0.354220109901474,0.3451964776358063,0.35644653708286095,0.34523566121083266,0.31832354908489713,0.31221713297725806,0.32103961739093984,0.3121056312470702,52.46914599196971,50.744961081612175,53.2110838823677,51.05115167950197
cataract,6243.400719975432,6435.610841983685,6197.51058517154,6402.68139946155,0.030337388059340612,0.02607338238710635,0.030954576700975855,0.02705694788332799,0.00612501866552414,0.005820142297729255,0.0061653146160860475,0.005824884561088167,21.010494454014616,20.113040405642966,21.250787284300465,20.265067770838098
cataract,6311.137622548968,6528.45736255268,6296.125428921529,6508.720938100615,0.027389093119610367,0.024076510197280958,0.02798288149251433,0.023418448981196327,0.005540612233529765,0.0054037151651871625,0.005566587717709408,0.005412701812109949,16.162225926615193,15.218654320754744,16.254687834958975,15.303126205600869
cataract,5697.819224877415,5764.34251441727,5677.4073988969785,5718.501391772191,0.04145174088377375,0.03475616336543664,0.039620983198532994,0.034807845765814714,0.009352282384043436,0.00903025717345184,0.009337667864461795,0.009039674195201347,16.432857634604296,16.088109859030652,16.483079578737264,16.34020358172457
cataract,5634.898483455803,5776.036831987473,5650.832552083338,5711.37156478252,0.04043812197483084,0.035432995620846286,0.040066158628757884,0.03638457645975634,0.009425133329753024,0.009068844590007157,0.009408605706126135,0.00909445690570185,17.16830463735343,16.42810708384681,17.032158863737905,16.78623460516594
cataract,5405.578354779345,5553.184052287319,5155.200658700875,5531.175301806737,0.04186090543322194,0.03626369325559472,0.04282664756847141,0.03663810162648373,0.010122640124229376,0.009738609903175384,0.01010767684668693,0.009760272524706081,21.02615139759167,20.20608594524732,22.415762350199333,20.332974894126117
cataract,5550.116804534324,5675.643552479555,5536.8427083333145,5629.280061514554,0.04054272040602075,0.03667943290935407,0.04049619552753938,0.03623375697478274,0.009877313900530477,0.009544710895305274,0.009856522017066424,0.009539939825269909,18.692143440566003,18.00476103386105,18.706131628343517,18.26709125312214
cataract,5441.147242647037,5771.475371010928,5243.267616421531,5449.509127258539,0.04132577522020234,0.03601230751953493,0.04295654000370535,0.03697051736753678,0.010428874991614089,0.010049942535711218,0.010420264796312662,0.010107240689249732,21.074251680045528,19.210534202926098,22.171427900925927,21.075718811945602
cataract,5554.217156862674,5688.42700499781,5591.213158700949,5618.520076893242,0.041492668993878136,0.035655600328476374,0.040490626029675125,0.03673357399628158,0.010020911715240196,0.009622754106220384,0.009943830702960005,0.009672707500458445,19.851295580684447,19.120613945092156,19.583964473386622,19.520684723915814
cataract,5582.805024509733,5696.172087658296,5626.003232230374,5666.816993463732,0.04137912540152413,0.03592252685387647,0.040435236775594914,0.03662560759224481,0.010156013170794639,0.009760460315742415,0.010038844849710592,0.009782932806676798,20.1467831928673,19.54233305515237,19.845769788541226,19.71056151637027
cataract,5630.309865196056,5686.204059976724,5631.2301011028985,5753.107896962486,0.04104143872584287,0.0356339309951731,0.03955133928587951,0.03546012442226994,0.009367807247730038,0.00905603085509127,0.00931889535187135,0.009052896430722589,18.593347000910207,18.322531610983784,18.551754081576057,17.953983087106312
cataract,5663.368765318606,5703.9008227602035,5483.747028186264,5707.728919646071,0.04106702846906125,0.03521224839931715,0.04027125087312332,0.035424205602231355,0.00942678263139624,0.009087419739042864,0.009402093842981121,0.009109027726758994,17.80802080070099,17.620135139663006,18.771377149125993,17.598149150391105
cataract,5630.873728553837,5685.5908342942475,5550.290456495032,5708.154325259253,0.041058183804695766,0.03609824736479235,0.03983895528709139,0.0355504702684049,0.009462021182274365,0.00910252148626429,0.009409416254789754,0.009134760391961759,16.675225984489728,16.407693220926898,17.08123624982089,16.282849785846604
cataract,5386.715624999991,5500.518969626792,5282.349632352873,5701.555140330319,0.04459657754010817,0.038796749372856,0.04385911921578942,0.038909842501051436,0.010835241062283854,0.010473922494920464,0.010804813369242947,0.010443671999332696,24.47382699716754,23.84306167418015,25.039831618224856,22.641770631343803
cataract,5613.55876225487,5697.655117262312,5510.3669117646705,5636.402937331538,0.040306377875481504,0.034730200737576086,0.03976809268085884,0.035320018178467284,0.009903738476581225,0.00961171241826777,0.009903353439680818,0.00962660587784154,18.251118995159626,17.79229857868342,18.760421220644485,18.139520000962797
cataract,6659.353538602954,6898.836416762557,6432.509375000007,7033.970303729095,0.3257470313731681,0.3154824495008126,0.32856953531400573,0.3144700638982801,0.2886397925629964,0.2818665618151658,0.2916925289789216,0.2817737532642477,51.98513992429104,50.396279945368505,53.41813195408042,49.552565559580216
cataract,5727.108026960806,5736.696516724058,5203.32008272054,5779.952587466089,0.03813677075825017,0.03386389032750226,0.03990590611101918,0.03311900953592968,0.008111043267626199,0.007856055279026601,0.008250641755442658,0.007845594446639329,12.389615978718632,12.362406381581495,15.012035067537779,12.14155851914349
cataract,5561.790180759784,5729.064421376175,5332.011887254838,5808.678016147347,0.03899387763612331,0.03374047412712337,0.03833419499747507,0.033129207781348494,0.008058690072683524,0.007742759533974376,0.008075263534582312,0.0076995088605233564,13.000043191189086,12.184772189731328,14.101469040107075,11.788047806863888
cataract,6379.599999999945,6558.77611687796,6307.451133578375,6562.860991925987,0.03063612499511852,0.026223273076454744,0.030080440624854488,0.026101504023240803,0.005683603026735724,0.005505016306176732,0.0057222916867298605,0.005513441077918475,19.204969060619632,18.38016280220219,19.54120572975065,18.362094097962608
cataract,6328.138587622498,6498.020284505789,6317.361182598004,6543.213625528417,0.02803279968881747,0.024904053139054406,0.028822287751321087,0.02417442457972629,0.005684335828207487,0.005546500551428549,0.005694286384197907,0.005530166586890974,10.368983054074109,9.699770517497006,10.40192313566667,9.530301128872857
cataract,6462.825199142027,6751.927427912196,6289.226577818496,6745.614179161717,0.02698318562658035,0.023981951648032983,0.026909931085123594,0.023541521715050008,0.0054331157136641925,0.0053156829208022335,0.005489649812250998,0.0052939933986575986,13.405348606256808,12.191798208908299,14.069503964687335,12.21634601981519
cataract,5626.052297794152,5700.283475586038,5637.670128676449,5682.6867204918135,0.039444490509679624,0.03473211039455333,0.03987686693616758,0.03489433354053294,0.009400240506002843,0.009077335778367768,0.00935886651646741,0.009069072776486659,16.628392748646622,16.26346253774539,16.507251723497642,16.360919290747194
cataract,7613.948406862834,8196.910326797251,7346.358900122608,8148.072695117147,0.16163607821646586,0.1477567192446894,0.16871707803459088,0.14818258530653014,0.09392947603127036,0.08629720890488005,0.09562274814207962,0.08688263369284675,34.027816026894584,30.81420997808924,35.46686332332773,31.072147198038035
cataract,6298.371568627363,6577.759292579653,6276.049234068569,6585.239108035183,0.026274777082924045,0.02357740664292458,0.02707022656259256,0.022676385044329558,0.005464242663867308,0.005335079337113312,0.005483416049325695,0.005341824326196363,12.058812728458681,10.91302477067813,12.110264299454753,10.882205708693757
cataract,5575.029273897012,5662.762752787138,5506.556142769555,5740.619577085442,0.04009568797729624,0.03374330838761902,0.03888474072397625,0.03466268628179923,0.009144566251591933,0.008764415726593934,0.009094524754497523,0.008785283725467921,15.708202512004892,15.259653203407789,16.00980037235748,14.838832861517037
cataract,5650.280085784327,5707.319830834019,5695.759757965616,5807.525044213505,0.039471493450344494,0.03485046943339019,0.03769400251417978,0.03565995059017286,0.008999885923058552,0.00864327433828347,0.008926666453790257,0.008639593254049123,15.608270513733665,15.328219052571132,15.314735019985365,14.78901718350575
cataract,5954.140333946031,6127.116063052422,5949.072717524497,6154.090795847539,0.04350361383447165,0.03764768233707128,0.04454724349011136,0.037563938076413415,0.010810599701639945,0.009399676370511145,0.010948039887168623,0.009295976054890753,30.84818550218598,29.864698486500618,30.84121894458196,29.72121470706403
cataract,6050.5157169117565,6275.61277969988,5977.992371323522,6250.358846597296,0.04108567121814045,0.03576686671677192,0.04144529749312621,0.035738545043803006,0.009555514967958364,0.008286629786159084,0.009717607704689891,0.008346802978186041,28.062655715484837,26.876175855480014,28.431713378924876,27.003821616034436
cataract,5648.092723651946,5702.038262206555,5478.285232843083,5764.9314571316245,0.03952384629691955,0.03452580000985802,0.03965186882645286,0.034989615979910606,0.009347331826997705,0.009008821225729916,0.009329408839740885,0.008988840575556574,16.66392440509959,16.40326659776209,17.539201358679467,16.058198351884126
cataract,5523.703109681369,5640.263267973585,5477.9063265931145,5691.598677431427,0.04083195170625247,0.03563640376102079,0.040942871462554084,0.03568333902159962,0.009946402616261457,0.009611534024143165,0.00991722901207294,0.009609989853866359,18.884112057971624,18.28678023293589,19.126741333120712,17.9940725967943
cataract,5660.187561274495,5761.803675509116,5378.058486519582,5782.229004228899,0.04094482240346359,0.035523655064439094,0.040176530036484,0.03516329489140943,0.009379923445663322,0.00904584000486936,0.009355807038860445,0.009033065637905818,17.268379789986437,16.7513697312273,18.787296303961504,16.639077003867786
cataract,5557.733302696015,5617.235586312653,5470.7585018382,5667.358369857465,0.04023460033320436,0.03580362644593875,0.04030167834480011,0.03626938805534012,0.010000741029917874,0.009660247958951478,0.009987662865803259,0.009644309118138858,18.842893933945135,18.54261983541116,19.27702044641977,18.259292180881367
cataract,5657.997395833339,5739.704021529833,5644.552205882304,5681.208166089659,0.04150275142580236,0.03498430704525541,0.04043797235323649,0.03710403555227082,0.00998383244289627,0.009600781201468697,0.009907155763518556,0.009636655000698123,19.368795726486486,18.937851597417055,19.396272382230073,19.271999965745085
cataract,5627.767555147039,5744.853702421853,5575.294822303935,5729.34980392131,0.04120641214326321,0.03572524975980051,0.041225484502111845,0.0356991918162729,0.009741918433336279,0.00939716623438818,0.009720456745654993,0.009397795404145518,18.870605080291202,18.234846167734744,19.10356156670888,18.322051606598997
cataract,5594.952420343095,5671.251149557648,5424.817662377385,5647.014594386577,0.041279163402475484,0.03673616380215022,0.04106574129148663,0.03598496076984831,0.009510431401986777,0.009165099102888995,0.009509672646340546,0.009151703022969264,17.934567485251176,17.530201961464666,18.83837955787475,17.66657732862898
cataract,5604.764093137245,5686.545159553755,5379.239613970554,5669.296086120457,0.040245382436117874,0.03660474684711138,0.041540053333638124,0.03604257129235159,0.009765291588885748,0.009444625798993344,0.00979043069751742,0.009436552833449371,17.630485174383736,17.21878751281115,18.85987214780299,17.315391920805766
cataract,5667.586596200961,5710.040123029294,5688.834099264722,5698.453287196912,0.04106103094021646,0.03686944426869983,0.04080018071490378,0.03631900687213646,0.009999057324952659,0.00967478558637695,0.009954002390918057,0.009654309192289792,20.192376737076852,19.97535488856855,20.00763368386482,20.041826225662877
cataract,5637.677251838176,5719.664421376102,5634.241804534286,5686.011534025081,0.03937471320349283,0.03586933591597061,0.03948359485054013,0.03554183850862089,0.009402586756628679,0.009040962628042052,0.009360540028725682,0.009058256943447649,17.194006122359742,16.76481654887121,17.14818816848516,16.950627595060205
cataract,5579.15758272054,5679.948542867826,5518.651026348026,5642.121922337291,0.04016854833375235,0.03563951229440645,0.03988191758703375,0.03584446112337431,0.009450786205899314,0.00908771902709443,0.009395814731979969,0.009092688370735921,16.855860253794404,16.341028761762264,17.145902081037935,16.5490781897983
cataract,5604.385508578421,5734.861114955519,5608.580683210773,5716.727197231564,0.03889701141715931,0.03541607479715921,0.039870042352029025,0.03549340489448674,0.009324093805964983,0.009030460145381865,0.009339326330780176,0.008997183834568089,16.979314852807327,16.279685502254495,16.88951677429822,16.37941902340402
cataract,5607.533072916668,5634.171534025102,5577.64891237742,5648.35626297547,0.040470401488722205,0.03493704077410284,0.040539360627567265,0.0356998774956212,0.009350714050141604,0.00900335904175058,0.009297902116672994,0.009020686123197714,16.87777515135684,16.776822918894048,17.024612154132733,16.69851379648645
cataract,5556.378737745077,5695.161830065096,5463.5042738970105,5657.870465205391,0.043174870217155756,0.0367043554114059,0.04198439502603549,0.037039606368002596,0.010293838397456666,0.009910125766515605,0.010264406327121948,0.009911664934787973,20.628729045144187,19.87021442048732,21.13489285847294,20.086969645696318
cataract,5427.081709558772,5732.730042291123,4769.981878063715,5388.155432525672,0.0424205803481477,0.03567701845241175,0.042756217661986784,0.036475915120465455,0.009865451782018121,0.009470220749766264,0.009978289828133239,0.009538080320767486,19.974923762520557,18.310940315909082,23.656807813391556,20.25473337638753
cataract,5687.181372548946,5715.07953863867,5472.349310661728,5769.846197616002,0.042679436549474224,0.03597053942555195,0.040681206369384125,0.03669134674808658,0.009933926163305856,0.009574139653864427,0.009898311036414092,0.009526828784451304,18.669126478534302,18.5511191144502,19.844184915808814,18.239570437570784
cataract,5588.154687499956,5654.563275662945,5541.522104779386,5689.131718569537,0.04050395386359441,0.03599252639378456,0.04009575501783241,0.03525330906117875,0.009635599319474063,0.009283284757956404,0.009556926924634022,0.009271105431141242,18.336015681310233,18.01051847713652,18.566146839552665,17.815910949166607
cataract,5520.896170343098,5574.4656362934575,5506.309788602866,5616.443137254621,0.04047893029044115,0.03669220481959211,0.03934271056107094,0.03699458225864575,0.010061324187932456,0.009724088648994137,0.010019822762522768,0.009714665582159174,19.640043280436473,19.378411765849343,19.679762182452983,19.137381104408107
cataract,5623.606449142096,5693.660469050129,5595.546951593086,5688.945420991658,0.04143636232779937,0.03579272257399679,0.04030913250893575,0.035843294492993914,0.009957638089197968,0.00961228448743763,0.009892394344164274,0.009580319440313274,19.420375529212734,19.044399370294656,19.51200695211981,19.070951628195445
cataract,7054.790211397067,7379.257408688722,6852.606893382389,7433.944482891026,0.2699879312981272,0.25732225973405537,0.27209176458006334,0.2576531687482967,0.21965081411575232,0.21221279510954025,0.22259503478908862,0.21238011030661094,44.019455139818206,41.96735939206995,45.268255605581494,41.63498764072667
cataract,5678.717279411737,5699.486151479976,5622.347166053884,5736.1018377544,0.03982993763516672,0.035323651157822746,0.039388807182987824,0.03577254355306936,0.00939573356292292,0.009080520368687253,0.00937259677001768,0.009051204696714419,17.083326406281998,17.004995717409503,17.338647984729054,16.802675668131613
cataract,5628.015594362697,5724.634617454572,5604.904411764754,5769.894117646798,0.039987823995794584,0.03497683074507319,0.03896209397635759,0.03568888904058134,0.009248950366866496,0.008915588571788542,0.009181412041630298,0.00891332021886549,16.372809812874728,15.907317917053536,16.47721406816702,15.660632935469229
cataract,5614.170281862695,5656.909111879785,5564.783348651917,5672.356970395679,0.0416046831986025,0.03565725906593759,0.039785725096271506,0.037061587547171385,0.009821348969438601,0.00946912185260831,0.00974055136080065,0.009456244013634414,18.191611765741342,17.993934583668743,18.422981749235646,17.906989653593158
cataract,5615.742172181385,5702.228450595667,5667.132215073518,5734.490595924382,0.04153592101495798,0.03634484073406932,0.03927332017918653,0.03466461074001336,0.00960361273092007,0.00924160739204129,0.009499939165961136,0.009221515601659291,17.51957093765349,17.069853047296885,17.157937967709557,16.889000109363103
cataract,5473.362959558782,5638.505974624858,5453.175949754877,5642.079354094317,0.04033247318963434,0.035082162889307815,0.03928226046807733,0.03541432420352803,0.009701058300879889,0.009354397186231348,0.00966627847886967,0.009333110214076006,16.682076317409216,15.806897071242563,16.745034756384076,15.786999134192165
cataract,5614.562300857798,5593.445674740253,5516.704748774486,5715.187466358789,0.04122184116683301,0.03696827076428962,0.0410104549655049,0.0361963338524733,0.010064781229989786,0.009746584337916569,0.010031742109712059,0.009714909030030494,19.184390361786843,19.316928660146754,19.65903023681678,18.620841614494466
cataract,5535.346568627404,5622.238323721377,5164.252634803927,5658.716801230018,0.03919370106651634,0.03478213835838663,0.04117696072356563,0.03529051358782686,0.008304038469547984,0.00796647116134925,0.008375998004927318,0.007949813916037985,13.640361052583826,13.246629860816283,15.531059684581413,13.058859864048
cataract,6541.1359221813755,6822.425528642748,6305.636565563742,6796.873464052171,0.029134472058055524,0.02653904913999144,0.031435849672132705,0.026533291980162646,0.006030618919836777,0.005844229943074752,0.006120266161449468,0.005822173718527469,9.430700327030062,8.360355131939079,10.20523501558465,8.451637441810874
cataract,6430.835922181388,6618.9024682813,5907.182536764566,6616.270126873986,0.02796681597834429,0.023866850241690513,0.029416163098355024,0.024252351308521224,0.005587205559042859,0.0054372025789994095,0.005733670375141225,0.005441039874583435,10.942909875850415,10.182202798367442,12.91914352725517,10.192290673164832
cataract,6574.890196078384,6821.443798538882,6493.127405024457,6808.7016993461775,0.0276685661800901,0.023782351822528577,0.02835714010920116,0.02378375633356091,0.005616496991385942,0.005480527414694076,0.005648327138581409,0.005461138733848833,18.30252932529359,17.169688625820903,18.67350607630981,17.225725700980803
cataract,8173.390425857824,8779.652487504565,7665.0539062500075,8720.429357939025,0.1260749505473457,0.11318879931983193,0.13187437721889447,0.11416752993047949,0.07488245569200465,0.06981498630878984,0.07521576722411001,0.0696295133901701,26.42203770401972,23.367848102544393,28.813100500618315,23.65245072623505
cataract,6649.313082107756,6878.688535178622,5922.960554534185,6844.2931795460745,0.027029765966133715,0.023589800500713496,0.02882324003277252,0.02343342024495554,0.005395593754839744,0.005264032810608174,0.005608866857717662,0.005273436904613207,14.310243897791747,13.369869358196869,17.276624732165292,13.509338257886125
cataract,6293.6609528185345,6430.959292579541,5903.1348039214645,6802.919184928683,0.026650789064940218,0.025690468921270426,0.028602841414077127,0.023605977795633146,0.0054836514143241505,0.0054195138424659945,0.005650684331461348,0.005311565832702375,14.376853435319322,13.804233816773886,15.931684249096012,12.323560680570795
cataract,5315.730759803879,5587.195432525696,5081.93949142151,5511.617900807078,0.04060859235669857,0.03540421775076404,0.040780427257547554,0.036543155030869814,0.009123679860975039,0.0087407249420289,0.00913068585017952,0.008741374304124165,17.503054708769607,16.06194518744988,18.7202931200321,16.469207817172954
cataract,5591.459773284256,5709.592233755992,5560.387760416664,5688.980453671393,0.03967586609979422,0.034761295183086516,0.039542607089063785,0.03462908423154212,0.008968876497876338,0.00864100976760361,0.008921019412499601,0.008637868489236792,15.058270079851228,14.466555178166143,15.18363006513328,14.576317009038272
cataract,5717.885814950975,5739.148296808667,5534.49011948527,5743.303683198517,0.03818764783881426,0.03413793857154797,0.0388705845727932,0.03471171377580971,0.00874741245355567,0.008401937365865404,0.008735305432533213,0.008418093316714876,14.613335314315272,14.53794427585201,15.547610865185346,14.51586196516973
cataract,5615.268489583288,5739.32922721999,5645.275260416658,5680.706666666434,0.03922433174523464,0.034083252799785364,0.039612229933232594,0.03474444432411951,0.008931469214751058,0.008560826827680043,0.00887137015809751,0.008574256514882465,14.50738429154134,13.897564724713298,14.323307595673596,14.209776760817233
cataract,5722.68161764702,5789.411334102027,5719.823912377448,5758.167335639885,0.03905020766036203,0.0344375943578796,0.037861652469090276,0.03458075066255288,0.008593272132914413,0.008260252071760323,0.008509087341860866,0.008263408105353887,14.812388544812723,14.509396090297333,14.796514459521642,14.673103082322253
cataract,5426.13175551468,5635.219700115068,5317.241896446052,5644.0446289885285,0.0403679961241383,0.03587373785714559,0.04019632699092154,0.035458739582844984,0.009634722554410531,0.009259216599673256,0.00962552388904085,0.009272686906422514,18.511206124119905,17.350082171536037,19.034863537460723,17.301098197636843
cataract,5704.746599264636,5723.0905190308495,5579.255315563721,5738.259561706698,0.03931448914940584,0.03542406107251446,0.03940581023875136,0.03521660375466794,0.009291950355960298,0.008958558350247304,0.009254270522538202,0.008925517430310306,16.52348575340579,16.464313216925383,17.192279735876703,16.381164208829254
cataract,5626.205606617621,5701.428742790967,5661.244669117607,5642.273325643816,0.03997583639752229,0.034564414961036134,0.038235890172800636,0.03621019505326248,0.00916901433480149,0.008825799907059595,0.009128192591491035,0.008847385243309537,16.017660059629268,15.629703624763444,15.76336839287035,15.95170752538747
cataract,6224.8045649508995,6435.212810457347,6177.9556985293075,6395.489211841335,0.027872808152710128,0.025030996629997516,0.027213238884059007,0.024163524590886755,0.005512652378426098,0.005381897033533175,0.005523570795558022,0.0053847746247879654,15.434119875539466,14.537152294976984,15.643874673269616,14.701915336763683
cataract,6191.6839460783785,6414.783836985611,6122.5721966911005,6423.082245290038,0.027711694243253888,0.02473495831849144,0.027894437902491725,0.024978635522747532,0.005624951190435383,0.00549712719570832,0.005670830915402969,0.005490336078823118,11.611436279477164,10.735706670721406,11.90000978635535,10.703792457486076
cataract,5527.823268995119,5836.175763167788,5422.946400122454,5731.693902345014,0.040394142562411695,0.03566705638426057,0.038634152644120824,0.03485251882350978,0.008546311541254303,0.008185969744672568,0.00851307826593115,0.008180876044131842,14.746224732353342,13.162675077061985,15.252117634607023,13.71165319069351
cataract,5547.280729166597,5685.061714724852,5558.992463235226,5693.608150711007,0.04219669927356204,0.03668469122980482,0.04083814119459571,0.03594249795168958,0.009961154673481382,0.009607177719256198,0.00991756618822326,0.009613957440606174,20.26621500131203,19.533983087091155,20.163794023653125,19.484452199928757
cataract,5606.714981617612,5680.684782775597,5541.6534620098,5661.896316800911,0.042093530843184616,0.03643213658442135,0.04170174952504565,0.03580130087921006,0.010242389893997741,0.009902462161740289,0.010221359188694162,0.00991980423457742,20.957847528082397,20.564334317457707,21.2719148996277,20.672920040146682
cataract,5550.744270833262,5631.607197231573,5490.6522824754975,5661.5701960781225,0.04040178906789695,0.03568527129843279,0.04035849927990173,0.03645706419976573,0.009764071988199598,0.009401072697407963,0.009709762489726366,0.009385266994138188,18.771595913536885,18.346697755875738,19.045017337439518,18.177723808588357
cataract,6199.7292279411795,6445.822206843347,6138.091544117557,6480.102837369999,0.026989664508613818,0.02355287088280908,0.027980301055892918,0.023720338432802884,0.005513588785957298,0.005376742079636804,0.005542454273381902,0.005367122409209272,12.667252891252396,11.658596066347702,12.916603409644788,11.518941596009126
cataract,6307.233103553872,6521.764459822993,6097.851608455851,6545.340991926003,0.02669128889817879,0.023984805737367866,0.02712509167205511,0.022816172479288244,0.005514705882352273,0.00539629155856284,0.005573623181992789,0.005370272161519538,11.4896269036036,10.617500325861458,12.32490514410034,10.523605632267877
cataract,5335.498606004916,5712.703637062379,5036.252849264673,5469.757385620672,0.040209215868960396,0.03378583887058137,0.04072131285845637,0.03590746167024286,0.008638082878860831,0.008239597162892194,0.008679486189416614,0.00832183105821679,16.37034830692923,14.43271134617914,17.895639735193473,15.700238437356123
cataract,5535.378814338167,5793.842645136232,5122.384160539181,5550.999907727534,0.03865481609388642,0.032907875228490015,0.03985217076060327,0.03431977756276179,0.008474116004233449,0.008122560251830542,0.008568742339914314,0.008181721601139417,13.980576198238541,12.715129865699872,16.09395521504759,13.963589286345856
cataract,6312.609359681318,6539.999523260093,6312.197977941072,6515.953202614214,0.026914529248533894,0.02331091636982146,0.027740062395316286,0.02337778732987443,0.005525354812379952,0.005408986518181674,0.005566977639202057,0.005401055665176557,11.147574384879714,10.247915660392277,11.15153019751404,10.340314927866048
cataract,6375.960677083275,6632.374455978254,6266.527895220558,6622.474186851028,0.026466200834669287,0.023756842130731315,0.027245545662380993,0.024422475847602893,0.005679648396606828,0.005542842939991425,0.005728798024733616,0.00553386463016511,9.186300877476889,8.161343453645735,9.492030430868928,8.19776735810997
cataract,5600.2901654411535,5706.749603998176,5624.489797794112,5670.117877739084,0.0413687199705268,0.0366714947374418,0.0410034980930139,0.03642090332806852,0.01022325877358722,0.00986226242985158,0.010145078355395225,0.009848956128617428,19.955042221570626,19.37319597511276,19.73900828841902,19.583975442364608
cataract,5527.800520833318,5655.709357939042,5479.207735906842,5658.882522106625,0.041113233936331726,0.0358729206648042,0.04155422458712031,0.03671745799029766,0.0100791795993734,0.009740746769408455,0.010073456498932438,0.009780236899598633,19.459882022664548,18.748040631617634,19.666015086346263,18.72975313309153
cataract,5612.455621936283,5678.15999999971,5547.045664828389,5679.855501729873,0.0421415548911125,0.03704476579479869,0.04106256109695708,0.03709688058759447,0.010153812127927804,0.009834543698655806,0.010119492714580713,0.009821127599332272,19.39257590073101,19.042915811286584,19.702968871391487,19.03236151621913
cataract,5569.865119485266,5607.014332948623,5419.449234068543,5582.766751249224,0.04159620444264821,0.03695294192086614,0.04106861495657536,0.03592184182721454,0.010347996465305528,0.010013618555394397,0.010331571032215747,0.010026576606003257,20.068675067960168,19.894042522257713,20.882295030486645,20.033809760469143
cataract,5667.05176164214,5752.074202229638,5590.460171568575,5803.621499423016,0.040644190955583415,0.03595176453783161,0.039865896618940105,0.035843106803701986,0.009755819158970738,0.009427607515607776,0.00973706957827238,0.009406882209753446,18.73632448759776,18.285034547949387,19.10811974158824,17.993246256261642
cataract,5617.891176470601,5681.8905497882715,5605.2633272058365,5721.619315647571,0.03963113469919062,0.03520086989775508,0.040053802289342126,0.03445978084405367,0.009451624171698652,0.009069235763314004,0.009387900571899945,0.00909944856078813,17.28784604112456,16.97643182348083,17.316486632476163,16.755303731287793
cataract,5431.081969975465,5643.145236447261,5250.832306985263,5689.720661283854,0.038568493572005084,0.03466077788200742,0.03877949830898784,0.035241579195098884,0.008360111985219798,0.007993130440102605,0.008346712312904668,0.00798819504052085,14.766823466114952,13.721026766451486,15.654258286023811,13.480855056269853
cataract,5698.84753370099,5864.8576239905215,5491.369531249952,5768.990311418461,0.03721381468076547,0.033189350433143625,0.037599531328393325,0.033377010487236375,0.007928725348075611,0.007610646816473236,0.007947636979579573,0.007627695922126149,12.534778764280698,11.765759542145696,13.531411451499306,12.238963012616903
cataract,5556.33330269602,5659.429065743711,5586.022886029357,5636.008150711047,0.03993295360131944,0.0351828639232661,0.03924754124035293,0.03539174065102611,0.009378197093184793,0.009033746346285398,0.009366548417947455,0.009043460487424238,17.188777484571638,16.64443963557125,16.96683281180577,16.773288037564875
cataract,5522.16943933818,5691.799646289619,5528.378707107784,5636.5051903111325,0.0417686791976695,0.03652565196211142,0.041808068096648554,0.0377273765301786,0.010502301725491945,0.010145619062262315,0.010443349979171065,0.01015240029422856,21.426798778024658,20.486431205602372,21.34588476207947,20.808558362366863
cataract,5591.286856617616,5680.214655901286,5567.696277573501,5644.756370626466,0.04065491215309937,0.03517905550287014,0.040531840357490904,0.035736266554596725,0.009449302513844739,0.009112791691424281,0.009461115930400573,0.009118415272474222,17.822649080320144,17.37983032901755,17.914752160988385,17.57672081836243
cataract,5553.467310049017,5712.186036139674,5643.393167892141,5725.362076124293,0.04108368006533405,0.036517432634471846,0.04019125400561311,0.03594944207670806,0.009497987566960605,0.009123277165700315,0.009380173615314593,0.009097024570397154,17.548177153938706,16.696676536732664,16.98450451710717,16.623673161168526
cataract,5647.2447916666415,5710.004982698676,5667.0361060048435,5746.3388850439005,0.04044210216130275,0.035817444491334297,0.03941296922249043,0.03398431174034756,0.00951211525315269,0.009177863637609186,0.009470430924685342,0.009178842807628712,16.60065515962276,16.3027206968228,16.443579162183,16.102987052061344
cataract,5610.553354779433,5776.149896193521,5163.70595894604,5742.711572471815,0.040370195383509784,0.035159197364177705,0.0412997402325775,0.034621124158802884,0.009268712731543602,0.008923284731671168,0.009350017625558805,0.008924543591872723,16.840524989769904,15.971785576820848,19.255723669046834,16.155840909052092
cataract,5574.289139093047,5616.755709342288,5475.263556985273,5806.24824298322,0.040739508351673046,0.03668789668303556,0.04011325760944353,0.0355633283384658,0.009733339436941787,0.009395360283201253,0.009700616838861609,0.00937883260540593,18.18684612914866,18.003453911278076,18.711186168264337,16.938348176523274
normal,6041.261060048913,6219.658146866339,6086.635309436228,6218.176778162001,0.03587417193521447,0.031027389029082655,0.036310208428073164,0.03073474113913586,0.007453326947235329,0.006878698649079552,0.007548882211433504,0.006921568531348193,26.517058068599095,25.551112434487287,26.255028772973102,25.558380931844166
normal,6170.8866115196115,6326.845813148518,6131.266283700946,6407.065897731425,0.028436031008471436,0.025110235120348025,0.029822956042477956,0.025515270072651027,0.005724854119660176,0.005569510562611122,0.005778331661561391,0.005550709683612318,18.913484536925203,18.195064764382405,19.11952295475368,17.831551250551925
normal,6015.153523284297,6171.2297116491345,6024.328615196055,6216.424944251949,0.03805512630401022,0.03278151389619942,0.03780276935726482,0.032722755140998504,0.008028787702775828,0.007283239553554644,0.008024884900333514,0.007262630999205923,27.742236153230053,26.894434384488626,27.685500571725694,26.66306356653778
normal,5971.785064338182,6158.913510188156,6004.0180147058945,6259.654625143918,0.04058497924344987,0.03454934681572975,0.041204697915334126,0.03396350532128455,0.009521448128930248,0.008375266271596644,0.009589937950131723,0.008343458809833951,27.40158288543855,26.392023373842356,27.220290580628035,25.880475419279442
normal,5628.190487132292,5700.659207996671,5657.546583946058,5662.8332795075985,0.03959565389337566,0.03585999236138723,0.039131585707994014,0.03569714428128477,0.009541666735525962,0.009190507510463668,0.009480002866426473,0.009187830830976577,17.864709417967124,17.46824153057811,17.63070751738757,17.679695370885124
normal,5537.4216911764215,5640.988389080829,5571.679136029341,5659.459331026295,0.04237549498777676,0.037605154646797694,0.04207314268135567,0.038059036004409144,0.010536665984186946,0.010204564499318216,0.010476110171758072,0.010184770091295635,21.25244124356088,20.697777093477114,21.014163993026248,20.590187713400802
normal,5558.440150122523,5670.1973087271335,5583.028124999999,5732.9050980389375,0.04300899017932799,0.03625611802587594,0.0415811883875568,0.0377631116868561,0.010576466742956512,0.010195283950203651,0.010458511729020107,0.010172280941426495,21.243714498884753,20.621172664242767,21.03509372677878,20.253819594353004
normal,6195.276455269518,6415.062698961741,6201.08043811271,6413.149511725973,0.029631287701294237,0.025519559683885494,0.02987275151295025,0.024950681861407177,0.0057162090020517545,0.005526519562402861,0.005739938968936499,0.005530733210537859,19.322571142118093,18.33309611572427,19.348193428349223,18.341098893880066
normal,6375.271813725394,6579.281138023702,6343.113281249974,6604.154955786082,0.026637936232665273,0.023847767749165492,0.026968156885736,0.02373673583558254,0.005481190280761634,0.005328980466778077,0.0054969972003366665,0.005351522617357461,13.443480797899882,12.592844408051546,13.589527840702617,12.492906353658434
normal,6318.9804534313,6601.314725105528,6267.015808823476,6611.258885044078,0.02707844551037358,0.023065356541595063,0.026373384548423844,0.022783067750838413,0.0055340860614445,0.005386399454877604,0.005541512157082308,0.005391556141628814,11.109454357411527,10.022351851471127,11.319364178017672,9.98382844055838
normal,6350.18042279406,6547.980146097498,6269.419469975325,6512.9587389463195,0.02985572514800822,0.025978316400655677,0.029894590521367146,0.02593184159692555,0.005966620140494712,0.005728973612055907,0.005985585835667297,0.005723914312995334,20.94490273906191,20.007197310895677,21.333465848737774,20.168394334897656
normal,6571.9653033088025,6767.247750864907,6546.694316789157,6771.326351403186,0.03287862233896072,0.028691002435168488,0.032999294270521805,0.02898604628741994,0.0068311460678879025,0.006615853681121153,0.006836425576097289,0.006610730777385917,9.401729075520105,8.700348578539318,9.413430781937386,8.685698886465765
normal,5592.183700980359,5729.263775470708,5517.385830269632,5650.373871587564,0.040056328014835406,0.03516833657354711,0.03983344939945951,0.03526795652022683,0.00988167244129026,0.009544463106240055,0.009867229630711915,0.009548241190776581,18.04855377574069,17.312148532056533,18.4186945826949,17.756979393290845
normal,5561.992279411758,5699.904252210382,5605.4465226715365,5707.143975393858,0.041051821663352264,0.03590036829797819,0.040777171518587625,0.03671396147939286,0.01008238032370555,0.0097017053480646,0.01000146839664031,0.009722081918123404,19.87309263454701,19.12196099655099,19.572581614841187,19.080953571427138
normal,6321.75916053921,6479.383452518082,6259.151455269604,6516.3293502497245,0.02847366504510189,0.02499372223249196,0.029224522892334483,0.025185161959134172,0.00570713963487358,0.00552509646332891,0.00574141053331833,0.005528979696378356,19.293825365761307,18.591700680901912,19.608045888881247,18.425442267826995
normal,6155.167570465648,6332.783990772603,6116.622732843027,6322.163044982537,0.03148147382762869,0.026388248277333347,0.031013270290418664,0.026553861721316435,0.0061344169962097425,0.005909474531527783,0.006162040468517088,0.0059176132470281995,22.00444808453124,21.142176503306413,22.20487189614976,21.191615916702244
normal,6108.7862285538795,6309.4515801612715,6003.308011642106,6327.138146866318,0.03237259402948113,0.027978007860708167,0.032313277204918785,0.028260319095469996,0.006334896096999572,0.006060066645249781,0.006377481476277877,0.006040717536857494,23.184462601550063,22.184822150777592,23.686559423149472,22.099265656591097
normal,6174.352052696095,6323.723414071283,6142.367907475436,6336.296655132431,0.03247117381199847,0.029243385838048086,0.033296323522253375,0.028370973142064437,0.006463752894284232,0.006144517397381038,0.006532653776410426,0.0061159585707795325,22.877194857950393,22.143998692757314,23.070674579015982,22.084492564555656
normal,8072.240701593178,8699.983852364203,7719.6956801471115,8696.399077277772,0.19225690233569834,0.18031381082828976,0.19546155354756492,0.1789934217109783,0.12015318533703119,0.11317610124420395,0.12159378351257102,0.11237270334191542,35.48071824990035,32.104910088030074,37.30745192682573,32.122852140247915
normal,7449.3500765932,7968.428389080943,7213.889154411816,7920.560384467358,0.21035973378926665,0.1950911846131834,0.21210322704828738,0.1958850953053617,0.14836696538663963,0.13874315554399833,0.150291997378008,0.13894901941586224,39.49862989623433,36.469715080682484,40.82353559280467,36.737562116155885
normal,5672.316804534288,5701.341914647899,5702.470986519544,5760.475171087721,0.04148345849601958,0.036550205931264325,0.04081245837379214,0.036680544806753694,0.010010778711194181,0.009666079090762426,0.009926021420784978,0.009647827482773394,18.730483498469518,18.598450842552744,18.498302501685064,18.26240801641645
normal,5635.31931678916,5630.079446366476,5609.3013939950615,5665.604382929339,0.04127335719697561,0.036842841592058286,0.03983973703209744,0.03595393550015197,0.010036431066614749,0.009693346319746419,0.010005913569509835,0.00971070869884077,18.86637984919488,18.933281443826722,18.953371858996043,18.730425859902997
normal,5586.204350490167,5662.434894271187,5591.844883578437,5737.469773163896,0.04039955617146036,0.035843506391126864,0.04018844825132852,0.03562463264750016,0.009641296348927237,0.009278341025141763,0.009603172898214328,0.009286825298700604,17.691687457310476,17.286699601934664,17.591190084848467,16.865998597487057
normal,5633.717018995102,5701.241307189326,5601.046292892107,5643.694225297727,0.04086056697045973,0.034566007129205184,0.0405614108555613,0.035641448061543755,0.009564670560021346,0.0092028770262699,0.009526018762350567,0.009204945560606342,16.83384553440977,16.506868432449547,16.97020017959238,16.825831007576394
normal,6420.328492647066,6663.494256055234,6364.809543504921,6623.294040753388,0.02639868977453718,0.023960826171607913,0.026610974092551306,0.02363313349992888,0.005519065712598948,0.005383962025857874,0.005518417273041415,0.0053949217842519746,11.43129282157838,10.499273572801105,11.642638063357815,10.651001112346346
normal,6557.36668198524,6747.507481737627,6471.736075367631,6737.233294886374,0.026951188566789304,0.023171861995786826,0.02558533777389257,0.023214460940808257,0.005484389539027395,0.005362295076314545,0.005487929017691311,0.005359372318529108,11.368721063588154,10.615176078048957,11.663463451916781,10.65238507927176
normal,6835.727573529385,6920.641830065245,6626.150168504868,6981.419192618111,0.0338220448344258,0.029222070328359957,0.03423397106000674,0.029890235067929174,0.007175047889257974,0.006945658603777342,0.007203355508718538,0.00692641885768029,10.269047704695751,9.95752479685389,10.859060100134167,9.75845926020683
normal,7101.852466299034,7445.621468665801,7063.515058210714,7455.749034986424,0.027308241936384193,0.02394093459623373,0.028389345495124525,0.023706087184678155,0.005471109503625844,0.005344148210612345,0.005493484922472619,0.005316072210007289,13.039087004628655,11.738429218455158,13.162325278297537,11.700812627756799
normal,5594.45602022055,5653.340838138919,5567.561488970539,5684.704882737136,0.04068696319382942,0.03525826316711195,0.03987398267700199,0.03631735275073813,0.009634515528793717,0.009280851445387683,0.009561799642355293,0.00926849030357039,17.968026111506614,17.700560533894354,18.083948365894383,17.52562164287648
normal,5589.176102941196,5729.263560168887,5606.248008578373,5668.824898115862,0.04108982033434833,0.035569268030794854,0.03964318047049129,0.03607117270060663,0.009961926153196876,0.009607903907236322,0.009921717839143602,0.009618519678878277,19.401561814909567,18.628139659819944,19.23613739759248,18.973540899862392
normal,5622.051363357807,5750.797524028887,5651.482659313713,5759.514694348046,0.038831302457115024,0.03675802091851474,0.0397671789111333,0.03502308896140532,0.009348122586159486,0.009010383116395194,0.009313038898114037,0.008997242978987654,16.652286479726175,15.964491894109724,16.413916621012476,15.916182837160243
normal,5609.928216911758,5685.8413994614375,5516.26925551465,5618.798292963951,0.041671510503783725,0.03650412875307468,0.04064745767261026,0.036120159807066975,0.009960765966408889,0.009599149068621894,0.009906166825954752,0.009619730583505499,19.151383835860617,18.75386993829507,19.646708262796718,19.137608408243945
normal,5542.209911151984,5699.855148019669,5544.846982230349,5657.350603613717,0.04251695439562272,0.03768087076830186,0.041321022431166296,0.03768140357400765,0.010561574310176906,0.010216284995190606,0.0105438737016807,0.010239137175904911,22.00643014776291,21.10765122064089,21.933500413261573,21.35627196795254
normal,5542.5890931373015,5632.885582468008,5523.542830882315,5668.816132256503,0.04217876455816926,0.03585949946675921,0.041425311429896354,0.0369029799093681,0.01033638505382032,0.009965629313672059,0.010277954291578722,0.009954076994279382,19.88998021559847,19.401453969555256,19.934392234083376,19.193280207772787
normal,5656.622870710766,5717.63409457875,5652.774234068551,5706.467620145824,0.04030798191938691,0.035399229500412736,0.03939323457486408,0.03489147996948762,0.009555373760816553,0.009199522699828615,0.009469532671894638,0.00919810863261925,17.6481103590076,17.34314119930433,17.61167602466938,17.405399425793163
normal,5612.458118872525,5668.2384159935955,5638.557521446042,5700.564259899803,0.040164347309725096,0.03575227660654908,0.038760748090362784,0.035658116509348387,0.009457481650355702,0.009129548421792468,0.009407601775979737,0.009121468844124408,15.906838882983438,15.64160299897963,15.709355976858422,15.464472503125812
normal,6546.031786152029,6839.41216455181,6517.628278186228,6853.62400615121,0.3241211180501584,0.31386012222793674,0.32539145621660626,0.3132807346488577,0.2837751004182037,0.2758873610140167,0.2861439128563343,0.27577954590835896,49.56222795012629,47.59098479831119,49.75929333133626,47.49965374675537
normal,7365.155713848031,7757.943667819858,7085.242968750043,7735.7299192615765,0.23471925018764855,0.22209746465438596,0.23765965848277718,0.22280037690151192,0.1746209230569605,0.1666764567756096,0.1773416140197137,0.1665860004951755,41.19694544522424,38.8577981255758,42.80204944582202,38.98279880404298
normal,5582.564414828389,5775.176670511121,5616.082889093086,5719.466220684053,0.04165567734539245,0.036010728588941054,0.040493198951499595,0.035779584845199955,0.009473527694897082,0.00912757292276659,0.009418414889270017,0.009129768614874582,17.669358794091014,16.635403972985422,17.424046143970816,16.943294152232834
normal,5546.708409926456,5673.6161937713505,5628.948973651944,5666.070326797116,0.04028959015660226,0.035695911514042625,0.040713608345023584,0.03593547240391146,0.009299447814990825,0.00895824814685907,0.00924068823210016,0.00893464779398789,16.760523901955615,16.08535709267872,16.239167131261997,16.126420129207542
normal,6376.187714460786,6516.716232218195,6250.772487745025,6523.533963859877,0.025898389624367503,0.023201269392383414,0.026161070257041567,0.023677955823255818,0.0054511395513362855,0.0053411158937259895,0.005459076119287854,0.00532070812162014,11.964332914828214,11.308135875573953,12.362952831851015,11.281616542999942
normal,6309.985631127424,6436.853179546172,6206.536151960753,6498.6850595922915,0.031115361363997403,0.026706931180754626,0.030719842220671954,0.026337967748592594,0.00595499697447993,0.005736719102478779,0.0060112975988757715,0.005720122070356449,20.830263329414628,20.257507426696954,21.359180254677806,19.977445932347912
normal,6071.348682597927,6255.870096116725,6148.9070006126485,6328.189942329683,0.03064160481324791,0.026844511808640944,0.031125422059240723,0.026561041718423044,0.006039921318387425,0.005806370886133756,0.00605797972226306,0.005775628576128177,21.48474900643172,20.634673391573653,21.173001357286147,20.29600516293795
normal,6117.315548406832,6236.812702806396,6099.273391544097,6244.409073433101,0.034498567034275424,0.028861387158272602,0.034516753099568004,0.029642452160712627,0.006786489100528283,0.006372416513211463,0.006829488405240076,0.006396448758065566,24.370848370270494,23.781005155147614,24.484018584842815,23.743546068669037
normal,6189.11734068622,6377.068681276273,6114.859313725418,6329.144083044811,0.028173247841227506,0.025131805146850948,0.029517567544739918,0.025477264095209524,0.005761922065681556,0.005603695437831274,0.005831530058591638,0.005612698989896092,19.28823598155871,18.414118047312083,19.646903199936023,18.633740962035432
normal,6957.090808823479,7394.494225297783,6861.265625000023,7396.486551326162,0.2631545089172465,0.24977897930331322,0.26463547370668866,0.2511829482273511,0.21419151978746986,0.20537255741318416,0.21623036509632668,0.20599081801457367,43.82432474707803,41.08317502197758,44.39382936855717,41.07073804548532
normal,6776.619730392146,7049.269911572245,6615.593918504976,7053.967089580707,0.3000129266387336,0.2888833849615473,0.3019667269028902,0.28913876791326454,0.2555428169561684,0.24825074843737666,0.258018710201876,0.2478655868888098,46.73864123093817,44.94301914214701,47.774513932561575,44.91235051474846
normal,6109.299080882314,6255.695132641065,6077.337254902015,6279.729750095948,0.035669871131335566,0.03127072966556967,0.037292910146216406,0.031382741821555524,0.0074329841520484816,0.006913311745821522,0.007629645358385288,0.006888842498577717,26.059214453208906,25.33264580973408,26.24877762404839,25.212527561431955
normal,6196.077879901934,6412.536901191661,6208.189797794107,6356.337808534996,0.028613903117140557,0.025225427445901144,0.029489376474222728,0.025119048819160307,0.00585879927166245,0.005683215363529827,0.005893333010762029,0.0056857012889822795,20.232634321673622,19.175700920524427,20.170409178153694,19.435718848000064
normal,5593.092830882274,5542.663375624454,5558.930484068594,5631.382022298832,0.041259427057886926,0.0365281782136991,0.041053154182052916,0.03600210248331347,0.010045814094115795,0.009720342416260113,0.01003400500961161,0.009701936932634467,19.660135352729725,19.988827941437144,19.81772438001926,19.47786639356169
normal,5563.4264399509275,5647.677001153154,5564.013465073532,5672.811195693726,0.04150043082129575,0.03493493364755301,0.040298973425477606,0.0375600071634167,0.010106115446618567,0.009737340916974717,0.010037687708940254,0.009752497227135625,20.00024079951706,19.554879060760655,19.937687451853414,19.410515907707712
normal,5677.674234068591,5714.653763936658,5631.482169117628,5719.638662052808,0.04066872618962317,0.03538996273799064,0.0396428741840358,0.03568027544090978,0.009713278219420505,0.009371712452375952,0.009642640989696685,0.009377596899322238,17.210442938327624,17.05473226662767,17.43104395764992,17.026424483174214
normal,5662.64473039216,5754.00418300624,5726.45332414214,5801.6943637059985,0.0404795707831908,0.03562504758961284,0.040031819390961586,0.036254528135762416,0.009617737754115906,0.009304787390500823,0.00957681947859511,0.009260276556738339,19.50417564937197,19.020617438875036,19.092602433726796,18.752150925361214
normal,5604.9106924019525,5690.080092271983,5544.527297794086,5659.680815070896,0.042469618049736924,0.03730679579293712,0.04167688560187612,0.037116487936505724,0.010686957853329864,0.01039306074168988,0.0106670236846753,0.010375620706605712,20.40884534498163,19.958262450618456,20.71864508652033,20.13699261664843
normal,5489.751041666646,5620.1164321411925,5536.108976715651,5604.877508650222,0.042023391754914624,0.036360176120902685,0.04130104938035462,0.03638620475634088,0.010456071392286046,0.01011331103789006,0.010414008094990303,0.010112165085433486,20.806110356729157,20.10422211456212,20.478415511724165,20.19210834719097
normal,5514.824264705843,5691.36430603585,5511.241743259729,5640.6858439058915,0.040339794494643734,0.03527910478276878,0.039470200378530204,0.03464707505150244,0.009780886647267338,0.009436270875130003,0.009729227996938174,0.009431513908063573,16.9926468066448,16.043416638158195,16.94323303931486,16.32312842621611
normal,5602.859681372531,5651.992633602134,5599.93975183822,5672.443660130481,0.04182828181928232,0.036564873588808,0.04032006695173211,0.03695917514824553,0.009993605338240895,0.00962348526274703,0.009935738995226977,0.00961952160577325,19.401049676285947,19.172241755042595,19.387376307454083,19.055641191751956
normal,6174.777803308733,6368.216762783372,6132.707919730382,6443.171226451124,0.028529445181398383,0.025529327056428377,0.02911090073308959,0.025332412525340898,0.005754739622144301,0.005590956124782891,0.0057699903568867675,0.005572376154295483,19.23087960118131,18.34263639490823,19.43374333091703,18.003718307906794
normal,6264.249034926363,6483.346113033316,6198.373636642051,6508.162722029807,0.027251564283943628,0.02431126995775311,0.02767412474522097,0.023657858937125627,0.005593606829660426,0.005429988090857213,0.005604440807450228,0.0054334605108795,17.293396770845494,16.246479270606773,17.522074490681366,16.136461751903077
normal,5518.6133118872485,5575.755724720997,5518.288311887215,5628.720692041237,0.04084106584852689,0.036222210226029596,0.0411268051528319,0.036291855375180114,0.010059778919971344,0.009723863672509991,0.01000206667477732,0.009678158469708355,19.744894783957626,19.439327806937587,19.66997756435008,19.13583226227936
normal,5603.940441176449,5693.630895809064,5604.9379748774245,5670.818915801334,0.04077634472943246,0.03674585441395937,0.039666821397354425,0.036135218873022415,0.01018433575041569,0.009822764983685508,0.010111651813917077,0.009845029196255758,19.190664330510586,18.719504092343552,19.130056945082064,18.848595912676927
normal,5699.61894914221,5744.428589003972,5648.523514093103,5801.928642829411,0.04016652617473402,0.03536058319502066,0.03993866417247457,0.03495269881720786,0.00914165966119736,0.00881057280886171,0.009092834541808942,0.008784004907569719,15.143499797024546,14.931854425787632,15.358999652419572,14.620507394639596
normal,5619.26858149504,5738.576808919306,5647.720572916592,5679.89991541689,0.04013691873215088,0.03439734222400834,0.039603571648158614,0.03483699606446503,0.00911917133044135,0.008776712087557186,0.009084372303426715,0.008805605406870075,16.16357193829297,15.545376558141689,15.966962375041186,15.865382329314588
normal,5837.232552083295,5853.237785466816,5751.8772824754815,5846.338377546871,0.03893923066280134,0.03353965244143919,0.03744910909055301,0.033382415853960005,0.008561564300174325,0.008220746170257887,0.00850279042097465,0.008221450985856018,14.161635030782659,14.09188986450749,14.533425846494366,14.127826346415358
normal,5677.776639093101,5737.426159169261,5619.709635416657,5729.322045366865,0.03979841694408172,0.03509059405492881,0.03940914825891221,0.0352318825722872,0.009087116455234853,0.008737017242665937,0.009063075336539297,0.008765731128114797,15.49007104823014,15.208316319462527,15.757322992026548,15.251914711073356
normal,5556.071430759771,5689.9751172622955,5551.0875612744485,5629.38714340611,0.042885062739910995,0.03669472987691755,0.04179187630150009,0.03729396756359597,0.01049275662526052,0.010123788143267426,0.01041724109935578,0.0101410199269735,21.475146747592895,20.717339653288693,21.436056036104674,21.071349834104943
normal,5633.75209865185,5706.548481353018,5589.11518075975,5683.074817377697,0.043192946985775846,0.037419067611826375,0.04171130526204444,0.037640178249572435,0.010477146100580502,0.010075871773391257,0.010392997275862978,0.010108083036328697,21.871372595664983,21.485769393921213,22.06948872681916,21.622628159541456
normal,5603.158578431308,5708.055870818635,5580.1771752451305,5620.944928873259,0.041434850986241244,0.03620566008142877,0.03974792550212186,0.03653474480656311,0.009482267513150578,0.009089130753045996,0.009424884353490988,0.009110767131276946,18.202616678245377,17.654866900655655,18.27423506387535,18.143606262741194
normal,5734.575061274527,5755.220684351913,5690.648483455886,5725.564936562579,0.0400816944266814,0.03517895016530621,0.03923880239598404,0.03563101182643927,0.009087064808265181,0.008760205114419425,0.009027390760415732,0.008748284316827634,16.852802980771745,16.782969389855005,17.043184793564993,16.94529813646553
normal,6054.370526960753,6251.287351018591,6062.893841911638,6166.908219915199,0.034047386959915826,0.02944108107275241,0.03512258691299885,0.030504307582244806,0.006979513647141802,0.006563895288289869,0.007031783962378874,0.0065077347524175756,25.41069566081636,24.40843544773692,25.37361807845597,24.82483172915265
normal,6224.494209558752,6459.930918877228,6229.3081035539135,6439.258392925638,0.028401608042817682,0.0244374116291311,0.029172814833194553,0.02554024566978001,0.005735573152095135,0.00556598492378602,0.0057626958087490625,0.005572492869382686,19.26267827845497,18.149959154296884,19.23965059134321,18.244250718916927
normal,6213.060922181336,6443.8378316030885,6204.518121936247,6416.4856286042395,0.027142098758967184,0.024162428460567906,0.027437501831262003,0.02456666645150044,0.0056578329688458705,0.005533447922283744,0.0056723410930955,0.0055173646635134155,10.196446115732783,9.290920418151627,10.191414422745813,9.393826460238241
normal,6436.062346813671,6726.308650518914,6381.520404411696,6662.6697577852365,0.027028522757243396,0.02379727958437364,0.028377244569821304,0.02389823148130873,0.005460956404929456,0.005334890930998084,0.005478235460988698,0.005335068254584753,12.894076651500772,11.73886279021961,13.128652295643347,11.98603545810355
normal,5603.802925857789,5646.7906036137565,5578.369301470546,5687.88453671638,0.042178202435142385,0.03726519916779392,0.04237793197209435,0.03809038001135221,0.010697333289980243,0.010364667990014407,0.010682043702099967,0.010358550872069496,23.00696361523675,22.792226677296984,23.10021165865697,22.548938593220008
normal,5605.587699142136,5623.338023836695,5525.466651348002,5639.901760860915,0.04262396616070612,0.03629459035469589,0.04112955532325821,0.03702738542924475,0.010528584139407706,0.010200368719679989,0.01043673613603665,0.01018852545736386,20.16629935746219,20.128817261153152,20.58919997203573,20.032701390535042
normal,5571.898115808786,5624.168704344194,5566.385186887229,5626.4967012684765,0.04182866465233203,0.035950839275517045,0.04114974572367061,0.03575813422092679,0.010104966009147712,0.009751272492241884,0.010026945647279987,0.009760708678983203,18.833563766049718,18.58428284657871,18.831904212714505,18.570621687063653
normal,5615.297579656868,5684.798446750967,5516.568137254862,5670.585190311119,0.0415153581643726,0.03645604376174044,0.04056618001850665,0.03580239090041341,0.009946042824369377,0.009590392403065372,0.009880051573731388,0.00960028235257162,18.952414505155833,18.596028923633767,19.465534885355382,18.676568899760493
normal,5619.358700980351,5662.106635908991,5533.440303308832,5663.064359861325,0.041781557601029556,0.036027681233623314,0.04027444794528295,0.03667997858156337,0.010029350014572851,0.009663307753336396,0.009972338229254626,0.009675922232752205,19.639802135798327,19.42484952003227,20.064738317663018,19.41874262992516
normal,5587.758363970568,5624.611518646418,5545.917616421502,5574.407566320374,0.04141868492427339,0.03783485439750664,0.03994614049299416,0.03656998021257528,0.009968384216214134,0.009633537640840921,0.009893526970883016,0.009644082280563446,19.555453651139985,19.37876379040318,19.734662234849658,19.66359792721591
normal,5614.6855851715145,5671.2579930793,5641.100719975506,5697.465420991679,0.04007076378303007,0.03559061074183722,0.03995952103227121,0.03533638213738642,0.0093403250377269,0.00901134111703369,0.009302059145993637,0.008990274404907754,17.32660566288359,17.04651339944821,17.11089755500689,16.901173741444026
normal,6188.240962009707,6347.836016916296,6182.173621323462,6303.60856593594,0.029925587161715575,0.02649289397924934,0.029155975371312804,0.025910770228487565,0.005755453173367154,0.005550294240432744,0.005771616891853264,0.005563838713017976,18.886278122349356,18.168174954442545,18.941439921189442,18.36688173545351
normal,6100.388388480371,6285.306574394215,6114.378477328401,6267.986651287759,0.03235623472179963,0.027740735414780063,0.03355271612050193,0.02817900794868834,0.006401546091764636,0.006076805497087816,0.006508974753816614,0.006087955349664026,23.14528878873119,22.271400830778855,23.119788843515394,22.353456205822212
normal,5979.770603553891,6119.854455978204,5966.491115196073,6169.908281429903,0.038209913296681566,0.03237824215100838,0.0375360583955167,0.032459579967841386,0.007890349759520547,0.0071252773996090665,0.007981431224733257,0.007214094147700165,26.57709874077,25.77983957540185,26.606975949928422,25.525129778416016
normal,6020.511979166586,6163.534655901364,5999.720710784343,6173.937823913609,0.03941585920314911,0.03330191960346478,0.0395758491340917,0.033017912911306964,0.008235675079906298,0.0074485636873796255,0.008264963823659377,0.007420290720874272,27.264265932477375,26.5369819260771,27.419730547908568,26.48243298065511
normal,5728.277129289168,5709.755171087781,5625.218933823565,5805.343514032787,0.03971252363426584,0.035461110099574394,0.03953822512497044,0.03498280406413152,0.009557890618752245,0.009280940635644549,0.00955149895929576,0.009245349357062263,17.245810076268604,17.408037235627653,17.790399754353675,16.8736101766857
normal,5578.032613357825,5696.467189542176,5656.403170955848,5702.267435601427,0.04050854178573692,0.035298453605848594,0.03921636397932462,0.03580077227283342,0.009319606691740553,0.008981266424833783,0.009251633020831847,0.008984077041602692,16.583280532051504,15.95664090565501,16.089414010195526,15.925032043304098
normal,6394.316789215709,6576.150880430411,6354.2179687499865,6597.443091118542,0.025445451659457146,0.023589906520510556,0.026698429938392103,0.023111043598933224,0.00547124889699944,0.005338070778026147,0.005491156400578159,0.00534752157755595,12.00977871488337,11.273484459904159,12.154189664874053,11.189261893102143
normal,6273.355575980386,6507.439430987891,6199.465287990102,6478.118554401906,0.03140071129421062,0.026550752185059746,0.03191357549124338,0.02786595281730993,0.006264260466635526,0.005989613935534776,0.006350416410826772,0.006014261562112863,22.79386216051016,21.659878985082774,23.179826569044245,21.79975761573935
normal,5686.194822303857,5818.209826989327,5664.5132812500115,5765.099500192004,0.039819716313602066,0.03393117680648525,0.03860341126732346,0.0342920064930174,0.0089776175055588,0.008607409348950582,0.008925470289326439,0.00861824900702845,15.024040098251119,14.34255275209901,15.083463378620893,14.628133983583414
normal,5698.217126225472,5806.680107650633,5705.276409313722,5745.111064974746,0.03900733481238132,0.03557331669026666,0.03871427851648986,0.034202712867289806,0.009121017460444653,0.008768995169472672,0.009069371357188657,0.008784893369217926,15.902913471626036,15.358873899533807,15.816922107748162,15.692846572784577
normal,5615.735140931336,5633.734932717919,5559.740410539124,5602.02838908086,0.042702789598547335,0.03682066082171391,0.039639580389837274,0.03749302506957847,0.01040423539149758,0.010049289476141289,0.010337945723331599,0.010060996925474928,20.080785381153678,20.008221160985297,20.340829929843913,20.192517148176268
normal,5594.004580269611,5639.795724720943,5583.518673406852,5664.176362937038,0.04171988598052829,0.03718028983640905,0.04069017975678409,0.03667157851023817,0.010426528996188863,0.010072990129871446,0.010365476919146983,0.010064152253102024,20.963106651423598,20.737789695898996,20.974390176904635,20.595959424642604
normal,5626.653814338155,5714.675401768237,5551.4809283088025,5702.990649749807,0.03953920132853412,0.03642311739372861,0.03861650499178496,0.03595372881963953,0.009466868386614355,0.009126789081734284,0.009397294383428068,0.009142356125114173,17.025987189997174,16.56598069496116,17.379400954566222,16.62927471344901
normal,5751.89001225493,5818.0272664357,5718.25079656861,5710.392310649494,0.03920281942442453,0.03437527911372581,0.038624789410971784,0.03445553120734295,0.008678262715017895,0.008325546112399988,0.008643534690818461,0.00834162319862427,13.847725232196822,13.527934358292201,13.962000149906295,14.095291678554975
normal,5533.392738970569,5651.042014609466,5527.910738357792,5624.686136101272,0.04092350078357577,0.03715656979517858,0.04067340292996516,0.03579738196350776,0.010009337000112396,0.009690985464209493,0.009968631387976691,0.00965959915802337,19.59507497616782,18.965720473190338,19.574521876811094,19.1163004879284
normal,5571.908379289172,5610.373733179267,5527.544929534295,5648.318769703647,0.04132726527976417,0.0370751176480925,0.04056253054992752,0.03667843601161375,0.009816533372818388,0.009471594191924587,0.00973389995330036,0.009460301080442768,19.394403537180388,19.2176610143767,19.594207688317255,19.0011680432636
normal,5447.222166053898,5606.006705113089,5501.563158700925,5632.668189157739,0.04198831198106311,0.036625033482345984,0.04095198974514676,0.037087070831264245,0.010424514506981031,0.010064763226421667,0.010390778681981181,0.01007638815194723,20.741281180680872,19.843797521369627,20.344420271429932,19.688730668708576
normal,5547.723299632344,5601.928442906265,5560.693443627434,5615.58726643576,0.04164770332749252,0.03641870312286837,0.04080774627448236,0.03570873908299803,0.01016029834769056,0.009830851585750271,0.010102968695702765,0.009806059276479177,19.378476010171465,19.101153831435305,19.255923931699332,19.0236219344072
normal,5603.45958946081,5620.984190695588,5581.6387714460925,5645.498023836691,0.039891356835809466,0.0359870442731284,0.04058642757929625,0.03637785251311451,0.009562186162247438,0.009239086308510452,0.009544426925684989,0.009239463874963879,16.690618080225114,16.651369918257128,16.779927506276525,16.515339526151834
normal,5580.895235906846,5614.904713571441,5546.979549632305,5639.008181468381,0.04106424162168157,0.036237877010601445,0.04016931999670636,0.03735801253287369,0.00986690857137277,0.00951683765097788,0.009834922693850195,0.00954754762173071,19.36612729258635,19.21853704881485,19.524220326359334,19.08181039904341
